{"means": [116.83540556542333, 373.60086239938676, 496.7391304347826, 2.897055785123967, 27.360986587451617, 2.852832699619764, 156.64738805970148, 1.4704705197654138, 59.28750395633912, 0.5450201656322805, 11.41258215020318, 141.4019147917664, 23.179734142863712, 30.73506391948857, 87.45596123149586, 4.135833513047231, 2.9975016926201827, 79.79086861326502, 1.0, 2.0260247366010153, 58.3472454619207, 77.25785961303608, 119.37495300543681, 139.16912135810966, 40.44117822641919, 150.14836637028577, 189.8999604256442, 19.69033517297079, 96.68290459031805, 119.07591576031193, 37.0435694828857, 8.40754414125201, 1.068676793981482, 119.27741525013485, 13.493866698748757, 7.4470257556462265], "stds": [124.16475365332575, 1158.1062294959888, 1454.0747062906578, 0.6425670303690422, 22.93124269391717, 5.6077823947709575, 45.02909456841205, 1.5264018164105304, 13.326376412756956, 0.19197525623365255, 4.003551138277731, 65.7673150233259, 4.679347600676311, 5.023263850763221, 18.59771433534051, 0.6917021966154655, 2.587358145595421, 16.97890406012766, 1e-07, 0.45374681375700104, 15.513294723743428, 15.582639348960765, 23.321283374619437, 5.183069668638425, 9.163862282429221, 88.91124440880014, 106.46358012262849, 5.512260894272242, 3.4641983894707633, 25.204788689715773, 1.4371688536460694, 11.225846851271086, 2.524987181293351, 176.8411106375252, 87.30888674523777, 6.5591874250852085]}